,precision,recall,f1-score,support
freshapples,0.9949622166246851,1.0,0.9974747474747475,395.0
freshbanana,1.0,1.0,1.0,381.0
freshoranges,0.9974226804123711,0.9974226804123711,0.9974226804123711,388.0
rottenapples,0.9950248756218906,0.9983361064891847,0.9966777408637874,601.0
rottenbanana,1.0,1.0,1.0,530.0
rottenoranges,1.0,0.9900744416873449,0.9950124688279302,403.0
accuracy,0.9977761304670126,0.9977761304670126,0.9977761304670126,0.9977761304670126
macro avg,0.997901628776491,0.9976388714314836,0.9977646062631393,2698.0
weighted avg,0.9977835529338425,0.9977761304670126,0.9977746006113111,2698.0
